repository_id,source,destination,status,provider_candidates_from_app_access,provider,resource_owner,resource_url,billing_dependency,credential_source,credential_validity,affected_reference,transfer_action,smoke_test,recovery_action,absence_reason,verified_by,verified_at,evidence_url,resource_kind,resource_id,unused_repository_credential_names,unused_repository_credential_evidence_url,smoke_outcome,smoke_phase,smoke_evidence_url
1143951439,fhemmer/hs-cli-confluence-search,hemsoft-dev/hs-cli-confluence-search-fhemmer,partial_provider_verified,Blacksmith,,,,GitHub Team one occupied seat; no retained direct grants. Source owner access expected to end at transfer; verify post-transfer effective access and license count. Blacksmith resource billing remains pending.,,,Inherited fhemmer organization-owner permission; zero direct collaborators or teams,Do not grant fhemmerrelias destination access; verify access removal after mapped transfer,,,Owner confirms only inventoried external resources and no Blacksmith usage across 65 transfer targets; Azure Pipelines/Fly.io/Railway absence independently confirmed. Active credentials and transfer continuity remain separate.,,,fhemmer-access-evidence.json,,,,,,,
1349305052,HemSoft/.github,hemsoft-dev/.github,partial_provider_verified,Azure Pipelines; Railway App,,,,,,,,,,,Owner confirms only inventoried external resources and no Blacksmith usage across 65 transfer targets; Azure Pipelines/Fly.io/Railway absence independently confirmed. Active credentials and transfer continuity remain separate.,,,provider-absence-owner-evidence.json,,,,,,,
1127994043,HemSoft/7d2d-mods,hemsoft-dev/7d2d-mods,partial_provider_verified,Azure Pipelines; Railway App,,,,,,,,,,,Owner confirms only inventoried external resources and no Blacksmith usage across 65 transfer targets; Azure Pipelines/Fly.io/Railway absence independently confirmed. Active credentials and transfer continuity remain separate.,,,provider-absence-owner-evidence.json,,,OPENROUTER_API_KEY; SFL_APP_PRIVATE_KEY,legacy-unused-credential-owner-evidence.json,,,
1107806657,HemSoft/advent-of-code-2025,hemsoft-dev/advent-of-code-2025,partial_provider_verified,Azure Pipelines; Railway App,,,,,,,,,,,Owner confirms only inventoried external resources and no Blacksmith usage across 65 transfer targets; Azure Pipelines/Fly.io/Railway absence independently confirmed. Active credentials and transfer continuity remain separate.,,,provider-absence-owner-evidence.json,,,OPENROUTER_API_KEY; SFL_APP_PRIVATE_KEY,legacy-unused-credential-owner-evidence.json,,,
1126133188,HemSoft/agents,hemsoft-dev/agents,partial_provider_verified,Azure Pipelines; Railway App,,,,,,,,,,,Owner confirms only inventoried external resources and no Blacksmith usage across 65 transfer targets; Azure Pipelines/Fly.io/Railway absence independently confirmed. Active credentials and transfer continuity remain separate.,,,provider-absence-owner-evidence.json,,,OPENROUTER_API_KEY; SFL_APP_PRIVATE_KEY,legacy-unused-credential-owner-evidence.json,,,
1136522036,HemSoft/ai-conductor,hemsoft-dev/ai-conductor,partial_provider_verified,Azure Pipelines; Railway App,,,,,,,,,,,Owner confirms only inventoried external resources and no Blacksmith usage across 65 transfer targets; Azure Pipelines/Fly.io/Railway absence independently confirmed. Active credentials and transfer continuity remain separate.,,,provider-absence-owner-evidence.json,,,OPENROUTER_API_KEY; SFL_APP_PRIVATE_KEY,legacy-unused-credential-owner-evidence.json,,,
1318635011,HemSoft/buddy-ios,hemsoft-dev/buddy-ios,partial_provider_verified,Azure Pipelines; Railway App,,,,,,,,,,,Owner confirms only inventoried external resources and no Blacksmith usage across 65 transfer targets; Azure Pipelines/Fly.io/Railway absence independently confirmed. Active credentials and transfer continuity remain separate.,,,provider-absence-owner-evidence.json,,,,,,,
987895155,HemSoft/cli-tools,hemsoft-dev/cli-tools,partial_provider_verified,Azure Pipelines; Railway App,,,,,,,,,,,Owner confirms only inventoried external resources and no Blacksmith usage across 65 transfer targets; Azure Pipelines/Fly.io/Railway absence independently confirmed. Active credentials and transfer continuity remain separate.,,,provider-absence-owner-evidence.json,,,OPENROUTER_API_KEY; SFL_APP_PRIVATE_KEY,legacy-unused-credential-owner-evidence.json,,,
1214914496,HemSoft/codexbar,hemsoft-dev/codexbar,partial_provider_verified,Azure Pipelines; Fly.io; Railway App,,,,,,,,,,,Owner confirms only inventoried external resources and no Blacksmith usage across 65 transfer targets; Azure Pipelines/Fly.io/Railway absence independently confirmed. Active credentials and transfer continuity remain separate.,,,provider-absence-owner-evidence.json,,,OPENROUTER_API_KEY,legacy-unused-credential-owner-evidence.json,,,
1285058368,HemSoft/codexbar-ios,hemsoft-dev/codexbar-ios,partial_provider_verified,Azure Pipelines; Railway App,,,,,,,,,,,Owner confirms only inventoried external resources and no Blacksmith usage across 65 transfer targets; Azure Pipelines/Fly.io/Railway absence independently confirmed. Active credentials and transfer continuity remain separate.,,,provider-absence-owner-evidence.json,,,OPENROUTER_API_KEY; SFL_APP_PRIVATE_KEY,legacy-unused-credential-owner-evidence.json,,,
1298365902,HemSoft/codexbar-mac,hemsoft-dev/codexbar-mac,partial_provider_verified,Azure Pipelines; Railway App,,,,,,,,,,,Owner confirms only inventoried external resources and no Blacksmith usage across 65 transfer targets; Azure Pipelines/Fly.io/Railway absence independently confirmed. Active credentials and transfer continuity remain separate.,,,provider-absence-owner-evidence.json,,,OPENROUTER_API_KEY; SFL_APP_PRIVATE_KEY,legacy-unused-credential-owner-evidence.json,,,
1120402599,HemSoft/dashboard,hemsoft-dev/dashboard,partial_provider_verified,Azure Pipelines; Railway App; Vercel,Vercel,Franz Hemmer's projects / team_v5nrX8yNM2ZpAJMlqTMjqjvX,https://vercel.com/franz-hemmers-projects/dashboard,Hobby; verify target Git connection and author eligibility,https://vercel.com/franz-hemmers-projects/dashboard/settings/environment-variables; CRON_SECRET; GITHUB_DASHBOARD_CLIENT_ID; GITHUB_DASHBOARD_CLIENT_SECRET; NEXT_PUBLIC_SITE_URL; NEXT_PUBLIC_SUPABASE_ANON_KEY; NEXT_PUBLIC_SUPABASE_PROJECT_URL; NEXT_PUBLIC_SUPABASE_PUBLISHABLE_KEY; NEXT_PUBLIC_SUPABASE_URL; OPENROUTER_API_KEY; POSTGRES_DATABASE; POSTGRES_HOST; POSTGRES_PASSWORD; POSTGRES_PRISMA_URL; POSTGRES_URL; POSTGRES_URL_NON_POOLING; POSTGRES_USER; SUPABASE_ANON_KEY; SUPABASE_JWT_SECRET; SUPABASE_PUBLISHABLE_KEY; SUPABASE_SECRET_KEY; SUPABASE_SECRET_SERVICE_ROLE_KEY; SUPABASE_SERVICE_ROLE_KEY; SUPABASE_URL; TAVILY_API_KEY,presence observed; validity and shared inheritance pending,HemSoft/dashboard main; preserve project prj_ee45BuJUXLIUX7vbxZM2Nos2CYHv,Verify destination Vercel App coverage and Git repository link after repository transfer; retain existing Vercel project and domains,Check production domains and deploy an authorized fixed-head preview after cutover,Retain current production deployment and aliases; restore Git connection if cutover fails,Owner confirms only inventoried external resources and no Blacksmith usage across 65 transfer targets; Azure Pipelines/Fly.io/Railway absence independently confirmed. Active credentials and transfer continuity remain separate.,HemSoft owner browser,2026-10-06T23:43:56.162Z,vercel-provider-evidence.json,vercel_project,prj_ee45BuJUXLIUX7vbxZM2Nos2CYHv,OPENROUTER_API_KEY; SFL_APP_PRIVATE_KEY,legacy-unused-credential-owner-evidence.json,,,
1096201366,HemSoft/dashboard-tui,hemsoft-dev/dashboard-tui,partial_provider_verified,Azure Pipelines; Railway App,,,,,,,,,,,Owner confirms only inventoried external resources and no Blacksmith usage across 65 transfer targets; Azure Pipelines/Fly.io/Railway absence independently confirmed. Active credentials and transfer continuity remain separate.,,,provider-absence-owner-evidence.json,,,OPENROUTER_API_KEY; SFL_APP_PRIVATE_KEY,legacy-unused-credential-owner-evidence.json,,,
987270315,HemSoft/dashcam,hemsoft-dev/dashcam,partial_provider_verified,Azure Pipelines; Railway App,,,,,,,,,,,Owner confirms only inventoried external resources and no Blacksmith usage across 65 transfer targets; Azure Pipelines/Fly.io/Railway absence independently confirmed. Active credentials and transfer continuity remain separate.,,,provider-absence-owner-evidence.json,,,OPENROUTER_API_KEY; SFL_APP_PRIVATE_KEY,legacy-unused-credential-owner-evidence.json,,,
804681121,HemSoft/Egg-Inc-Tracker,hemsoft-dev/Egg-Inc-Tracker,partial_provider_verified,Azure Pipelines; Railway App,,,,,,,,,,,Owner confirms only inventoried external resources and no Blacksmith usage across 65 transfer targets; Azure Pipelines/Fly.io/Railway absence independently confirmed. Active credentials and transfer continuity remain separate.,,,provider-absence-owner-evidence.json,,,OPENROUTER_API_KEY; SFL_APP_PRIVATE_KEY,legacy-unused-credential-owner-evidence.json,,,
46445245,HemSoft/ESO,hemsoft-dev/ESO,partial_provider_verified,Azure Pipelines; Railway App,,,,,,,,,,,Owner confirms only inventoried external resources and no Blacksmith usage across 65 transfer targets; Azure Pipelines/Fly.io/Railway absence independently confirmed. Active credentials and transfer continuity remain separate.,,,provider-absence-owner-evidence.json,,,,,,,
1234389239,HemSoft/gh-prx,hemsoft-dev/gh-prx,partial_provider_verified,Azure Pipelines; Railway App,,,,,,,,,,,Owner confirms only inventoried external resources and no Blacksmith usage across 65 transfer targets; Azure Pipelines/Fly.io/Railway absence independently confirmed. Active credentials and transfer continuity remain separate.,,,provider-absence-owner-evidence.json,,,OPENROUTER_API_KEY; SFL_APP_PRIVATE_KEY,legacy-unused-credential-owner-evidence.json,,,
1262580000,HemSoft/gh-x,hemsoft-dev/gh-x,partial_provider_verified,Azure Pipelines; Railway App,,,,,,,,,,,Owner confirms only inventoried external resources and no Blacksmith usage across 65 transfer targets; Azure Pipelines/Fly.io/Railway absence independently confirmed. Active credentials and transfer continuity remain separate.,,,provider-absence-owner-evidence.json,,,OPENROUTER_API_KEY; SFL_APP_PRIVATE_KEY,legacy-unused-credential-owner-evidence.json,,,
1141008729,HemSoft/github-cli-sdk-demo,hemsoft-dev/github-cli-sdk-demo,partial_provider_verified,Azure Pipelines; Railway App,,,,,,,,,,,Owner confirms only inventoried external resources and no Blacksmith usage across 65 transfer targets; Azure Pipelines/Fly.io/Railway absence independently confirmed. Active credentials and transfer continuity remain separate.,,,provider-absence-owner-evidence.json,,,OPENROUTER_API_KEY; SFL_APP_PRIVATE_KEY,legacy-unused-credential-owner-evidence.json,,,
941842262,HemSoft/HemChat,hemsoft-dev/HemChat,partial_provider_verified,Azure Pipelines; Railway App,,,,,,,,,,,Owner confirms only inventoried external resources and no Blacksmith usage across 65 transfer targets; Azure Pipelines/Fly.io/Railway absence independently confirmed. Active credentials and transfer continuity remain separate.,,,provider-absence-owner-evidence.json,,,OPENROUTER_API_KEY; SFL_APP_PRIVATE_KEY,legacy-unused-credential-owner-evidence.json,,,
1398757511,HemSoft/hemsoft-bench,hemsoft-dev/hemsoft-bench,partial_provider_verified,Azure Pipelines; Railway App,,,,,,,,,,,Owner confirms only inventoried external resources and no Blacksmith usage across 65 transfer targets; Azure Pipelines/Fly.io/Railway absence independently confirmed. Active credentials and transfer continuity remain separate.,,,provider-absence-owner-evidence.json,,,,,,,
1107323158,HemSoft/hemsoft-power-ai,hemsoft-dev/hemsoft-power-ai,partial_provider_verified,Azure Pipelines; Railway App,,,,,,,,,,,Owner confirms only inventoried external resources and no Blacksmith usage across 65 transfer targets; Azure Pipelines/Fly.io/Railway absence independently confirmed. Active credentials and transfer continuity remain separate.,,,provider-absence-owner-evidence.json,,,OPENROUTER_API_KEY; SFL_APP_PRIVATE_KEY,legacy-unused-credential-owner-evidence.json,,,
1271503908,HemSoft/hoarders-heaven,hemsoft-dev/hoarders-heaven,partial_provider_verified,Azure Pipelines; Railway App,,,,,,,,,,,Owner confirms only inventoried external resources and no Blacksmith usage across 65 transfer targets; Azure Pipelines/Fly.io/Railway absence independently confirmed. Active credentials and transfer continuity remain separate.,,,provider-absence-owner-evidence.json,,,OPENROUTER_API_KEY; SFL_APP_PRIVATE_KEY,legacy-unused-credential-owner-evidence.json,,,
1229335234,HemSoft/hs-buddy,hemsoft-dev/hs-buddy,partial_provider_verified,Azure Pipelines; Railway App,,,,,,,,,,,Owner confirms only inventoried external resources and no Blacksmith usage across 65 transfer targets; Azure Pipelines/Fly.io/Railway absence independently confirmed. Active credentials and transfer continuity remain separate.,,,provider-absence-owner-evidence.json,,,,,,,
1169875606,HemSoft/hs-buddy-vscode-extension,hemsoft-dev/hs-buddy-vscode-extension,partial_provider_verified,Azure Pipelines; Railway App,,,,,,,,,,,Owner confirms only inventoried external resources and no Blacksmith usage across 65 transfer targets; Azure Pipelines/Fly.io/Railway absence independently confirmed. Active credentials and transfer continuity remain separate.,,,provider-absence-owner-evidence.json,,,OPENROUTER_API_KEY; SFL_APP_PRIVATE_KEY,legacy-unused-credential-owner-evidence.json,,,
1143972745,HemSoft/hs-cli-confluence-search,hemsoft-dev/hs-cli-confluence-search,partial_provider_verified,Azure Pipelines; Railway App,,,,,,,,,,,Owner confirms only inventoried external resources and no Blacksmith usage across 65 transfer targets; Azure Pipelines/Fly.io/Railway absence independently confirmed. Active credentials and transfer continuity remain separate.,,,provider-absence-owner-evidence.json,,,OPENROUTER_API_KEY; SFL_APP_PRIVATE_KEY,legacy-unused-credential-owner-evidence.json,,,
1141615583,HemSoft/hs-cli-prs,hemsoft-dev/hs-cli-prs,partial_provider_verified,Azure Pipelines; Railway App,,,,,,,,,,,Owner confirms only inventoried external resources and no Blacksmith usage across 65 transfer targets; Azure Pipelines/Fly.io/Railway absence independently confirmed. Active credentials and transfer continuity remain separate.,,,provider-absence-owner-evidence.json,,,OPENROUTER_API_KEY; SFL_APP_PRIVATE_KEY,legacy-unused-credential-owner-evidence.json,,,
1141507514,HemSoft/hs-cli-template,hemsoft-dev/hs-cli-template,partial_provider_verified,Azure Pipelines; Railway App,,,,,,,,,,,Owner confirms only inventoried external resources and no Blacksmith usage across 65 transfer targets; Azure Pipelines/Fly.io/Railway absence independently confirmed. Active credentials and transfer continuity remain separate.,,,provider-absence-owner-evidence.json,,,OPENROUTER_API_KEY; SFL_APP_PRIVATE_KEY,legacy-unused-credential-owner-evidence.json,,,
1145574258,HemSoft/hs-conductor,hemsoft-dev/hs-conductor,partial_provider_verified,Azure Pipelines; Railway App,,,,,,,,,,,Owner confirms only inventoried external resources and no Blacksmith usage across 65 transfer targets; Azure Pipelines/Fly.io/Railway absence independently confirmed. Active credentials and transfer continuity remain separate.,,,provider-absence-owner-evidence.json,,,OPENROUTER_API_KEY; SFL_APP_PRIVATE_KEY,legacy-unused-credential-owner-evidence.json,,,
1122850110,HemSoft/hs-landing-page,hemsoft-dev/hs-landing-page,partial_provider_verified,Azure Pipelines; Railway App; Vercel,Vercel,Franz Hemmer's projects / team_v5nrX8yNM2ZpAJMlqTMjqjvX,https://vercel.com/franz-hemmers-projects/www,Hobby; verify target Git connection and author eligibility,https://vercel.com/franz-hemmers-projects/www/settings/environment-variables; no project-scoped variables returned; shared variables not yet reconciled,presence observed; validity and shared inheritance pending,HemSoft/hs-landing-page main; preserve project prj_XiikVK36Z7W1w8G6tG4d7oVWTQLS,Verify destination Vercel App coverage and Git repository link after repository transfer; retain existing Vercel project and domains,Check production domains and deploy an authorized fixed-head preview after cutover,Retain current production deployment and aliases; restore Git connection if cutover fails,Owner confirms only inventoried external resources and no Blacksmith usage across 65 transfer targets; Azure Pipelines/Fly.io/Railway absence independently confirmed. Active credentials and transfer continuity remain separate.,HemSoft owner browser,2026-10-06T23:43:56.162Z,vercel-provider-evidence.json,vercel_project,prj_XiikVK36Z7W1w8G6tG4d7oVWTQLS,OPENROUTER_API_KEY; SFL_APP_PRIVATE_KEY,legacy-unused-credential-owner-evidence.json,,,
1360796394,HemSoft/hs-pi-dashboard,hemsoft-dev/hs-pi-dashboard,partial_provider_verified,Azure Pipelines; Railway App,,,,,,,,,,,Owner confirms only inventoried external resources and no Blacksmith usage across 65 transfer targets; Azure Pipelines/Fly.io/Railway absence independently confirmed. Active credentials and transfer continuity remain separate.,,,provider-absence-owner-evidence.json,,,,,,,
1255413023,HemSoft/hs-tui-launcher,hemsoft-dev/hs-tui-launcher,partial_provider_verified,Azure Pipelines; Railway App,,,,,,,,,,,Owner confirms only inventoried external resources and no Blacksmith usage across 65 transfer targets; Azure Pipelines/Fly.io/Railway absence independently confirmed. Active credentials and transfer continuity remain separate.,,,provider-absence-owner-evidence.json,,,OPENROUTER_API_KEY; SFL_APP_PRIVATE_KEY,legacy-unused-credential-owner-evidence.json,,,
992260357,HemSoft/mcp-server-demo,hemsoft-dev/mcp-server-demo,partial_provider_verified,Azure Pipelines; Railway App,,,,,,,,,,,Owner confirms only inventoried external resources and no Blacksmith usage across 65 transfer targets; Azure Pipelines/Fly.io/Railway absence independently confirmed. Active credentials and transfer continuity remain separate.,,,provider-absence-owner-evidence.json,,,OPENROUTER_API_KEY; SFL_APP_PRIVATE_KEY,legacy-unused-credential-owner-evidence.json,,,
1353177297,HemSoft/minibot,hemsoft-dev/minibot,partial_provider_verified,Azure Pipelines; Railway App,,,,,,,,,,,Owner confirms only inventoried external resources and no Blacksmith usage across 65 transfer targets; Azure Pipelines/Fly.io/Railway absence independently confirmed. Active credentials and transfer continuity remain separate.,,,provider-absence-owner-evidence.json,,,,,,,
1119892824,HemSoft/modern-web-stack-poc,hemsoft-dev/modern-web-stack-poc,verified,Azure Pipelines; Railway App,Vercel,Franz Hemmer's projects / team_v5nrX8yNM2ZpAJMlqTMjqjvX,https://vercel.com/franz-hemmers-projects/modern-web-stack-poc/settings/git,Existing Hobby project preserved; disconnected Git deployment needs no organization Git deployment or Pro purchase,Unused Git deployment disconnected; encrypted project configuration preserved,not_required,Preserve project prj_hPjAbxtMlCi3A5waKxQpjATto0ae and transfer repository ID1119892824; unused legacy Supabase reference,Git connection retired before transfer; transfer GitHub repository without reconnecting Vercel,"This Project is not connected to a Git repository. To be able to set up a Deploy Hook, you need to set up a new connection in the Connected Git Repository section above.",Reconnect the exact Git repository to this preserved project if the owner later reactivates it,Owner confirms only inventoried external resources and no Blacksmith usage across 65 transfer targets; Azure Pipelines/Fly.io/Railway absence independently confirmed. Active credentials and transfer continuity remain separate.,HemSoft owner browser and Franz confirmation,2026-10-07T01:58:32.693283+00:00,modern-web-stack-git-retirement-evidence.json,vercel_project,prj_hPjAbxtMlCi3A5waKxQpjATto0ae,OPENROUTER_API_KEY; SFL_APP_PRIVATE_KEY,legacy-unused-credential-owner-evidence.json,preserved_unused,pre_transfer,modern-web-stack-preservation-smoke.json
1106290960,HemSoft/ms-agent-framework-demo,hemsoft-dev/ms-agent-framework-demo,partial_provider_verified,Azure Pipelines; Railway App,,,,,,,,,,,Owner confirms only inventoried external resources and no Blacksmith usage across 65 transfer targets; Azure Pipelines/Fly.io/Railway absence independently confirmed. Active credentials and transfer continuity remain separate.,,,provider-absence-owner-evidence.json,,,,,,,
996911586,HemSoft/n8n-workflows,hemsoft-dev/n8n-workflows,partial_provider_verified,Azure Pipelines; Railway App,,,,,,,,,,,Owner confirms only inventoried external resources and no Blacksmith usage across 65 transfer targets; Azure Pipelines/Fly.io/Railway absence independently confirmed. Active credentials and transfer continuity remain separate.,,,provider-absence-owner-evidence.json,,,OPENROUTER_API_KEY; SFL_APP_PRIVATE_KEY,legacy-unused-credential-owner-evidence.json,,,
1086124099,HemSoft/neo4j-graphrag-poc,hemsoft-dev/neo4j-graphrag-poc,partial_provider_verified,Azure Pipelines; Railway App,,,,,,,,,,,Owner confirms only inventoried external resources and no Blacksmith usage across 65 transfer targets; Azure Pipelines/Fly.io/Railway absence independently confirmed. Active credentials and transfer continuity remain separate.,,,provider-absence-owner-evidence.json,,,OPENROUTER_API_KEY; SFL_APP_PRIVATE_KEY,legacy-unused-credential-owner-evidence.json,,,
982944435,HemSoft/notes,hemsoft-dev/notes,partial_provider_verified,Azure Pipelines; Railway App,,,,,,,,,,,Owner confirms only inventoried external resources and no Blacksmith usage across 65 transfer targets; Azure Pipelines/Fly.io/Railway absence independently confirmed. Active credentials and transfer continuity remain separate.,,,provider-absence-owner-evidence.json,,,OPENROUTER_API_KEY; SFL_APP_PRIVATE_KEY,legacy-unused-credential-owner-evidence.json,,,
1162179521,HemSoft/now-leadership-group,hemsoft-dev/now-leadership-group,partial_provider_verified,Azure Pipelines; Railway App; Vercel,Vercel,Franz Hemmer's projects / team_v5nrX8yNM2ZpAJMlqTMjqjvX,https://vercel.com/franz-hemmers-projects/now-leadership-group,Personal HemSoft Git connection retained on existing Hobby; no Pro purchase.,Existing Vercel Git integration; project and shared variable inventories empty. Unused SFL credentials remain unchanged.,presence observed; validity and shared inheritance pending,HemSoft/now-leadership-group main; preserve project prj_eEtkPEkBW5Lo8fQQCiLixuoIFiho,"Do not transfer this repository. Preserve personal HemSoft Git connection, Vercel project and domains; reconcile only shared App ownership impact.","Verify retained source ID, privacy/archive state and unchanged hosting/domain routing; preserve known pre-existing failures. No deployment or unarchive required.","Preserve existing personal Git connection, projects and domains. If shared App changes affect hosting, stop and restore the prior working integration.",Owner confirms only inventoried external resources and no Blacksmith usage across 65 transfer targets; Azure Pipelines/Fly.io/Railway absence independently confirmed. Active credentials and transfer continuity remain separate.,HemSoft owner browser,2026-10-06T23:43:56.162Z,vercel-provider-evidence.json,vercel_project,prj_eEtkPEkBW5Lo8fQQCiLixuoIFiho,,,,,
579605475,HemSoft/NWMM,hemsoft-dev/NWMM,partial_provider_verified,Azure Pipelines; Railway App,,,,,,,,,,,Owner confirms only inventoried external resources and no Blacksmith usage across 65 transfer targets; Azure Pipelines/Fly.io/Railway absence independently confirmed. Active credentials and transfer continuity remain separate.,,,provider-absence-owner-evidence.json,,,,,,,
945738366,HemSoft/pe-bot,hemsoft-dev/pe-bot,partial_provider_verified,Azure Pipelines; Railway App,,,,,,,,,,,Owner confirms only inventoried external resources and no Blacksmith usage across 65 transfer targets; Azure Pipelines/Fly.io/Railway absence independently confirmed. Active credentials and transfer continuity remain separate.,,,provider-absence-owner-evidence.json,,,OPENROUTER_API_KEY; SFL_APP_PRIVATE_KEY,legacy-unused-credential-owner-evidence.json,,,
223800408,HemSoft/PeopleCare,hemsoft-dev/PeopleCare,partial_provider_verified,Azure Pipelines; Railway App,,,,,,,,,,,Owner confirms only inventoried external resources and no Blacksmith usage across 65 transfer targets; Azure Pipelines/Fly.io/Railway absence independently confirmed. Active credentials and transfer continuity remain separate.,,,provider-absence-owner-evidence.json,,,,,,,
1135799306,HemSoft/prs,hemsoft-dev/prs,partial_provider_verified,Azure Pipelines; Railway App,,,,,,,,,,,Owner confirms only inventoried external resources and no Blacksmith usage across 65 transfer targets; Azure Pipelines/Fly.io/Railway absence independently confirmed. Active credentials and transfer continuity remain separate.,,,provider-absence-owner-evidence.json,,,OPENROUTER_API_KEY; SFL_APP_PRIVATE_KEY,legacy-unused-credential-owner-evidence.json,,,
1148500296,HemSoft/public-skills,hemsoft-dev/public-skills,partial_provider_verified,Azure Pipelines; Railway App,,,,,,,,,,,Owner confirms only inventoried external resources and no Blacksmith usage across 65 transfer targets; Azure Pipelines/Fly.io/Railway absence independently confirmed. Active credentials and transfer continuity remain separate.,,,provider-absence-owner-evidence.json,,,OPENROUTER_API_KEY; SFL_APP_PRIVATE_KEY,legacy-unused-credential-owner-evidence.json,,,
133669754,HemSoft/PXContainerMagic,hemsoft-dev/PXContainerMagic,partial_provider_verified,Azure Pipelines; Railway App,,,,,,,,,,,Owner confirms only inventoried external resources and no Blacksmith usage across 65 transfer targets; Azure Pipelines/Fly.io/Railway absence independently confirmed. Active credentials and transfer continuity remain separate.,,,provider-absence-owner-evidence.json,,,,,,,
173613643,HemSoft/PXFriends,hemsoft-dev/PXFriends,partial_provider_verified,Azure Pipelines; Railway App,,,,,,,,,,,Owner confirms only inventoried external resources and no Blacksmith usage across 65 transfer targets; Azure Pipelines/Fly.io/Railway absence independently confirmed. Active credentials and transfer continuity remain separate.,,,provider-absence-owner-evidence.json,,,,,,,
124155847,HemSoft/PXInfoPanel,hemsoft-dev/PXInfoPanel,partial_provider_verified,Azure Pipelines; Railway App,,,,,,,,,,,Owner confirms only inventoried external resources and no Blacksmith usage across 65 transfer targets; Azure Pipelines/Fly.io/Railway absence independently confirmed. Active credentials and transfer continuity remain separate.,,,provider-absence-owner-evidence.json,,,,,,,
133668217,HemSoft/PXVendorMagic,hemsoft-dev/PXVendorMagic,partial_provider_verified,Azure Pipelines; Railway App,,,,,,,,,,,Owner confirms only inventoried external resources and no Blacksmith usage across 65 transfer targets; Azure Pipelines/Fly.io/Railway absence independently confirmed. Active credentials and transfer continuity remain separate.,,,provider-absence-owner-evidence.json,,,,,,,
85017515,HemSoft/PXWritStatus,hemsoft-dev/PXWritStatus,partial_provider_verified,Azure Pipelines; Railway App,,,,,,,,,,,Owner confirms only inventoried external resources and no Blacksmith usage across 65 transfer targets; Azure Pipelines/Fly.io/Railway absence independently confirmed. Active credentials and transfer continuity remain separate.,,,provider-absence-owner-evidence.json,,,,,,,
1002223819,HemSoft/rag-poc,hemsoft-dev/rag-poc,partial_provider_verified,Azure Pipelines; Railway App,,,,,,,,,,,Owner confirms only inventoried external resources and no Blacksmith usage across 65 transfer targets; Azure Pipelines/Fly.io/Railway absence independently confirmed. Active credentials and transfer continuity remain separate.,,,provider-absence-owner-evidence.json,,,OPENROUTER_API_KEY; SFL_APP_PRIVATE_KEY,legacy-unused-credential-owner-evidence.json,,,
1266823833,HemSoft/ralph-loops,hemsoft-dev/ralph-loops,partial_provider_verified,Azure Pipelines; Railway App,,,,,,,,,,,Owner confirms only inventoried external resources and no Blacksmith usage across 65 transfer targets; Azure Pipelines/Fly.io/Railway absence independently confirmed. Active credentials and transfer continuity remain separate.,,,provider-absence-owner-evidence.json,,,OPENROUTER_API_KEY; SFL_APP_PRIVATE_KEY,legacy-unused-credential-owner-evidence.json,,,
286901159,HemSoft/Relias.Lms.Enrollment,hemsoft-dev/Relias.Lms.Enrollment,partial_provider_verified,Azure Pipelines; Railway App,,,,,,,,,,,Owner confirms only inventoried external resources and no Blacksmith usage across 65 transfer targets; Azure Pipelines/Fly.io/Railway absence independently confirmed. Active credentials and transfer continuity remain separate.,,,provider-absence-owner-evidence.json,,,,,,,
1358408598,HemSoft/reports,hemsoft-dev/reports,partial_provider_verified,Azure Pipelines; Railway App,,,,,,,,,,,Owner confirms only inventoried external resources and no Blacksmith usage across 65 transfer targets; Azure Pipelines/Fly.io/Railway absence independently confirmed. Active credentials and transfer continuity remain separate.,,,provider-absence-owner-evidence.json,,,,,,,
1169772257,HemSoft/set-it-free-loop,hemsoft-dev/set-it-free-loop,partial_provider_verified,Azure Pipelines; Railway App,,,,,,,,,,,Owner confirms only inventoried external resources and no Blacksmith usage across 65 transfer targets; Azure Pipelines/Fly.io/Railway absence independently confirmed. Active credentials and transfer continuity remain separate.,,,provider-absence-owner-evidence.json,,,,,,,
1169698740,HemSoft/set-it-free-loop-site,hemsoft-dev/set-it-free-loop-site,partial_provider_verified,Azure Pipelines; Railway App; Vercel,Vercel,Franz Hemmer's projects / team_v5nrX8yNM2ZpAJMlqTMjqjvX,https://vercel.com/franz-hemmers-projects/set-it-free-loop-site,Personal HemSoft Git connection retained on existing Hobby; no Pro purchase.,Existing Vercel Git integration; project and shared variable inventories empty. Unused SFL credentials remain unchanged.,presence observed; validity and shared inheritance pending,HemSoft/set-it-free-loop-site main; preserve project prj_YnBCABhTFcRereL0WIYZZ4XwLmRD,"Do not transfer this repository. Preserve personal HemSoft Git connection, Vercel project and domains; reconcile only shared App ownership impact.","Verify retained source ID, privacy/archive state and unchanged hosting/domain routing; preserve known pre-existing failures. No deployment or unarchive required.","Preserve existing personal Git connection, projects and domains. If shared App changes affect hosting, stop and restore the prior working integration.",Owner confirms only inventoried external resources and no Blacksmith usage across 65 transfer targets; Azure Pipelines/Fly.io/Railway absence independently confirmed. Active credentials and transfer continuity remain separate.,HemSoft owner browser,2026-10-06T23:43:56.162Z,vercel-provider-evidence.json,vercel_project,prj_YnBCABhTFcRereL0WIYZZ4XwLmRD,,,,,
1120321254,HemSoft/skills,hemsoft-dev/skills,partial_provider_verified,Azure Pipelines; Railway App,,,,,,,,,,,Owner confirms only inventoried external resources and no Blacksmith usage across 65 transfer targets; Azure Pipelines/Fly.io/Railway absence independently confirmed. Active credentials and transfer continuity remain separate.,,,provider-absence-owner-evidence.json,,,OPENROUTER_API_KEY; SFL_APP_PRIVATE_KEY,legacy-unused-credential-owner-evidence.json,,,
1070353109,HemSoft/spam-removal-agent,hemsoft-dev/spam-removal-agent,partial_provider_verified,Azure Pipelines; Railway App,,,,,,,,,,,Owner confirms only inventoried external resources and no Blacksmith usage across 65 transfer targets; Azure Pipelines/Fly.io/Railway absence independently confirmed. Active credentials and transfer continuity remain separate.,,,provider-absence-owner-evidence.json,,,OPENROUTER_API_KEY; SFL_APP_PRIVATE_KEY,legacy-unused-credential-owner-evidence.json,,,
1104960030,HemSoft/subtitle-translator,hemsoft-dev/subtitle-translator,partial_provider_verified,Azure Pipelines; Railway App,,,,,,,,,,,Owner confirms only inventoried external resources and no Blacksmith usage across 65 transfer targets; Azure Pipelines/Fly.io/Railway absence independently confirmed. Active credentials and transfer continuity remain separate.,,,provider-absence-owner-evidence.json,,,OPENROUTER_API_KEY; SFL_APP_PRIVATE_KEY,legacy-unused-credential-owner-evidence.json,,,
1076389234,HemSoft/summarist,hemsoft-dev/summarist,partial_provider_verified,Azure Pipelines; Railway App,,,,,,,,,,,Owner confirms only inventoried external resources and no Blacksmith usage across 65 transfer targets; Azure Pipelines/Fly.io/Railway absence independently confirmed. Active credentials and transfer continuity remain separate.,,,provider-absence-owner-evidence.json,,,OPENROUTER_API_KEY; SFL_APP_PRIVATE_KEY,legacy-unused-credential-owner-evidence.json,,,
1399232444,HemSoft/survival-shelter-opus55,hemsoft-dev/survival-shelter-opus55,partial_provider_verified,Azure Pipelines; Railway App,,,,,,,,,,,Owner confirms only inventoried external resources and no Blacksmith usage across 65 transfer targets; Azure Pipelines/Fly.io/Railway absence independently confirmed. Active credentials and transfer continuity remain separate.,,,provider-absence-owner-evidence.json,,,,,,,
193121052,HemSoft/TCE-Admin,hemsoft-dev/TCE-Admin,partial_provider_verified,Azure Pipelines; Railway App,,,,,,,,,,,Owner confirms only inventoried external resources and no Blacksmith usage across 65 transfer targets; Azure Pipelines/Fly.io/Railway absence independently confirmed. Active credentials and transfer continuity remain separate.,,,provider-absence-owner-evidence.json,,,,,,,
1039658773,HemSoft/tickdown,hemsoft-dev/tickdown,partial_provider_verified,Azure Pipelines; Railway App,,,,,,,,,,,Owner confirms only inventoried external resources and no Blacksmith usage across 65 transfer targets; Azure Pipelines/Fly.io/Railway absence independently confirmed. Active credentials and transfer continuity remain separate.,,,provider-absence-owner-evidence.json,,,OPENROUTER_API_KEY; SFL_APP_PRIVATE_KEY,legacy-unused-credential-owner-evidence.json,,,
223324060,HemSoft/TimCoRetailManager,hemsoft-dev/TimCoRetailManager,partial_provider_verified,Azure Pipelines; Railway App,,,,,,,,,,,Owner confirms only inventoried external resources and no Blacksmith usage across 65 transfer targets; Azure Pipelines/Fly.io/Railway absence independently confirmed. Active credentials and transfer continuity remain separate.,,,provider-absence-owner-evidence.json,,,,,,,
995371240,HemSoft/weather-cli,hemsoft-dev/weather-cli,partial_provider_verified,Azure Pipelines; Railway App,,,,,,,,,,,Owner confirms only inventoried external resources and no Blacksmith usage across 65 transfer targets; Azure Pipelines/Fly.io/Railway absence independently confirmed. Active credentials and transfer continuity remain separate.,,,provider-absence-owner-evidence.json,,,OPENROUTER_API_KEY; SFL_APP_PRIVATE_KEY,legacy-unused-credential-owner-evidence.json,,,
1188676172,HemSoft/yahtzee,hemsoft-dev/yahtzee,partial_provider_verified,Azure Pipelines; Railway App,,,,,,,,,,,Owner confirms only inventoried external resources and no Blacksmith usage across 65 transfer targets; Azure Pipelines/Fly.io/Railway absence independently confirmed. Active credentials and transfer continuity remain separate.,,,provider-absence-owner-evidence.json,,,OPENROUTER_API_KEY; SFL_APP_PRIVATE_KEY,legacy-unused-credential-owner-evidence.json,,,
1332684620,HemSoft/yahtzee-bench,hemsoft-dev/yahtzee-bench,partial_provider_verified,Azure Pipelines; Railway App,,,,,,,,,,,Owner confirms only inventoried external resources and no Blacksmith usage across 65 transfer targets; Azure Pipelines/Fly.io/Railway absence independently confirmed. Active credentials and transfer continuity remain separate.,,,provider-absence-owner-evidence.json,,,,,,,
1188676172,HemSoft/yahtzee,hemsoft-dev/yahtzee,partial_provider_verified,Azure Pipelines; Railway App,GitHub Actions,HemSoft; mini host administrator franz,https://github.com/HemSoft/yahtzee/settings/actions/runners,Existing isolated mini VM; no new runner service or purchase,Existing runner registration inside github-runner-01 guest; no credential values read,verified,Runner 21 mini-github-runner-01; repository-level URL HemSoft/yahtzee; manual-only self-hosted-smoke.yml,"Preserve repository identity and existing registration; verify online ID 21 after transfer; re-register only if continuity fails, using a fresh short-lived token after all transfer gates pass",Before/after transfer dispatch unchanged workflow_dispatch-only zero-permission self-hosted-smoke.yml; require runner ID 21 and success; preserve VM isolation,"If continuity fails, inspect service/registration without weakening isolation; conditionally replace only the exact yahtzee registration; never clone credentials or run untrusted PR code",Owner confirms only inventoried external resources and no Blacksmith usage across 65 transfer targets; Azure Pipelines/Fly.io/Railway absence independently confirmed. Active credentials and transfer continuity remain separate.,,,yahtzee-runner-owner-evidence.json,repository_runner,21,OPENROUTER_API_KEY; SFL_APP_PRIVATE_KEY,legacy-unused-credential-owner-evidence.json,,,
1358408598,HemSoft/reports,hemsoft-dev/reports,owner_verification_pending,Azure Pipelines; Railway App,GitHub Pages,HemSoft GitHub account,https://hemsoft.github.io/reports/,Existing GitHub Pro -> verified destination Team; no extra purchase,Existing repository workflow token and REPORTS_PAT if applicable,pending,HemSoft/reports known github_pages resource 1358408598,Preserve configuration and verify canonical destination linkage/URL after gated transfer,Verify preserved state and destination integration before completion,Preserve existing site/database resource and recorded source settings; no database deletion,Owner confirms only inventoried external resources and no Blacksmith usage across 65 transfer targets; Azure Pipelines/Fly.io/Railway absence independently confirmed. Active credentials and transfer continuity remain separate.,,,inventory.json,github_pages,1358408598,,,,,
1076389234,HemSoft/summarist,hemsoft-dev/summarist,owner_verification_pending,Azure Pipelines; Railway App,GitHub Pages,HemSoft GitHub account,https://hemsoft.github.io/summarist/,Existing GitHub Pro -> verified destination Team; no extra purchase,Existing repository workflow token and REPORTS_PAT if applicable,pending,HemSoft/summarist known github_pages resource 1076389234,Preserve configuration and verify canonical destination linkage/URL after gated transfer,Verify preserved state and destination integration before completion,Preserve existing site/database resource and recorded source settings; no database deletion,Owner confirms only inventoried external resources and no Blacksmith usage across 65 transfer targets; Azure Pipelines/Fly.io/Railway absence independently confirmed. Active credentials and transfer continuity remain separate.,,,inventory.json,github_pages,1076389234,OPENROUTER_API_KEY; SFL_APP_PRIVATE_KEY,legacy-unused-credential-owner-evidence.json,,,
1120402599,HemSoft/dashboard,hemsoft-dev/dashboard,owner_verification_pending,Azure Pipelines; Railway App; Vercel,Supabase,HemSoft's Org / tigijbtmewljfqdmdskh,https://supabase.com/dashboard/project/cevpnetigzotgstxxjpm,Existing Free paused database; preserve pause/data,Preserve encrypted Vercel configuration; no database resume or credential read,pending,HemSoft/dashboard known supabase_project resource cevpnetigzotgstxxjpm,Preserve configuration and verify canonical destination linkage/URL after gated transfer,Verify preserved state and destination integration before completion,Preserve existing site/database resource and recorded source settings; no database deletion,Owner confirms only inventoried external resources and no Blacksmith usage across 65 transfer targets; Azure Pipelines/Fly.io/Railway absence independently confirmed. Active credentials and transfer continuity remain separate.,,,supabase-provider-evidence.json,supabase_project,cevpnetigzotgstxxjpm,OPENROUTER_API_KEY; SFL_APP_PRIVATE_KEY,legacy-unused-credential-owner-evidence.json,,,
1162179521,HemSoft/now-leadership-group,hemsoft-dev/now-leadership-group,owner_verification_pending,Azure Pipelines; Railway App; Vercel,Cloudflare,Existing Cloudflare owner account f850cbd0005a78cacf00ee70ad14f941,https://dash.cloudflare.com/f850cbd0005a78cacf00ee70ad14f941/nowleadershipgroup.com/dns/records,Existing Free account; no plan or billing change,Existing owner/provider-managed resource; preserve secret bindings without reading values,pending,Proxied production apex A and www CNAME to Vercel,"Retain personal repository; no Cloudflare transfer, DNS edit or Worker deployment",Compare exact DNS/proxy records and website origin with capture,Preserve existing zone/DNS/proxy; restore captured records only if an authorized change breaks continuity,Owner confirms only inventoried external resources and no Blacksmith usage across 65 transfer targets; Azure Pipelines/Fly.io/Railway absence independently confirmed. Active credentials and transfer continuity remain separate.,,,now-leadership-live-hosting-evidence.json,cloudflare_zone,23882174cdf6c55620b0c186e4e3aaf2,,,,,
1162179521,HemSoft/now-leadership-group,hemsoft-dev/now-leadership-group,owner_verification_pending,Azure Pipelines; Railway App; Vercel,Cloudflare,Existing Cloudflare owner account f850cbd0005a78cacf00ee70ad14f941,https://dash.cloudflare.com/f850cbd0005a78cacf00ee70ad14f941/workers-and-pages,Existing Free account; no plan or billing change,Existing owner/provider-managed resource; preserve secret bindings without reading values,pending,Existing contact-form Worker independent of retained personal Git repository,"Retain personal repository; no Cloudflare transfer, DNS edit or Worker deployment",GET Worker metadata and deployment identity; do not submit a contact form,Preserve existing Worker deployment and bindings,Owner confirms only inventoried external resources and no Blacksmith usage across 65 transfer targets; Azure Pipelines/Fly.io/Railway absence independently confirmed. Active credentials and transfer continuity remain separate.,,,now-leadership-live-hosting-evidence.json,cloudflare_worker,nlg-contact-form,,,,,
